Names,Uploads
Brave Wilderness,543
Maymo,325
The Dodo,"5,150"
"Animal Aid Unlimited, India",247
AntsCanada,431
MonkeyBoo,997
Catch Em All Fishing,550
Gohan The Husky,300
AaronsAnimals,82
Taylor Nicole Dean,135
The king of DIY,655
The Lion Whisperer,243
Cole and Marmalade,337
DARKDYNASTYK9S,927
CatPusic,110
Big Cat Rescue,990
Howl Of A Dog,79
The Fish Whisperer,342
VanillaHamHam,76
JayPrehistoricPets,"1,169"
michael jamison,"1,180"
Crusoe the Dachshund,398
Emzotic,118
Rob The Ranger Wildlife Videos,"2,440"
Keedes channel LIVE,305
Sander Bauwens,385
Jackson Galaxy,127
Steff J,180
Kamp Kenan,714
Dogumentary TV,897
SnakeHuntersTV,234
The Dark Den,383
stacyvlogs,112
Wildlife Aid,567
Animalist,631
The Dro,812
My BB Bunny,279
Tyler Rugge,318
iPanda,"5,099"
JustJesse197,101
Lil BUB,247
Brian Barczyk,1061
Zak George's Dog Training rEvolution,330
Paul Cuffaro,383
Robin Seplut,1198
Solid Gold Aquatics,420
Cat Man Chris,88
Lennon The Bunny,99
AQUAPROS,285
HoppingHammy,346
ErinsAnimals,850
Victoria Raechel,315
101rabbits,446
Dustin's Fish Tanks,813
AfroHerpkeeper,126
Rachel O'leary,750
StormyRabbits,423
HammyLux,341
MercolaHealthyPets,585
Pickles12807,463
Erin's Ark,281
Flip Aquatics,420
Creative Pet Keeping,320
Mike Tytula,550
Fluval Aquatics,210
Lifewithpets,295
Littlelotti's Hartland,332
BudgetBunny,409
PugPibbleHedgie,272
Steenfott Aquatics,547
L.R.Bretz's Aquatics,572
Piggie palace,121
Pet Adventures,273
OnceUponAPig,171
Petpiggies Micro Pigs,142
Anna's Animals,190
Curtis Lasane,306
Sushi and Runt,315
Gabe Varns,100
Zoe Tuinman,271
Creative Pet Vlogs,89
Pet Zone,1295
Staceyspetmice,179
Dr. Chris Pet Vet,153
1800PetMeds,142
Nationwide Pet,68
Tiffany's Bunny Gang,50
The Pet Care Collab,227
AlexasAnimals,62
CreekValleyCritters,304
The Urban Bunny,25
Pets at Home,209
PEACHY PETPARADISE,351
Imy'sAnimals,101
